input_file_name	gene_symbol	gene_name	reference_database_name	reference_database_version	reference_accession	analysis_software_name	analysis_software_version	genetic_variation_type	antimicrobial_agent	coverage_percentage	coverage_depth	coverage_ratio	drug_class	input_gene_length	input_gene_start	input_gene_stop	input_protein_length	input_protein_start	input_protein_stop	input_sequence_id	nucleotide_mutation	nucleotide_mutation_interpretation	predicted_phenotype	predicted_phenotype_confidence_level	amino_acid_mutation	amino_acid_mutation_interpretation	reference_gene_length	reference_gene_start	reference_gene_stop	reference_protein_length	reference_protein_start	reference_protein_stop	resistance_mechanism	strand_orientation	sequence_identity
kpn	blaSHV-11	broad-spectrum class A beta-lactamase SHV-11	NCBI Reference Gene Database	unknown	WP_004176269.1	amrfinderplus	unknown	gene_presence_detected	BETA-LACTAM	100.0			BETA-LACTAM		563492	564349	286			contig_2										286				-	100.0
kpn	oqxA	multidrug efflux RND transporter periplasmic adaptor subunit OqxA	NCBI Reference Gene Database	unknown	WP_002914189.1	amrfinderplus	unknown	gene_presence_detected	PHENICOL/QUINOLONE	100.0			PHENICOL/QUINOLONE		2184934	2186106	391			contig_2										391				+	100.0
kpn	oqxB	multidrug efflux RND transporter permease subunit OqxB	NCBI Reference Gene Database	unknown	WP_016947602.1	amrfinderplus	unknown	gene_presence_detected	PHENICOL/QUINOLONE	100.0			PHENICOL/QUINOLONE		2186133	2189282	1050			contig_2										1050				+	99.81
kpn	fosA	FosA5 family fosfomycin resistance glutathione transferase	NCBI Reference Gene Database	unknown	WP_004146118.1	amrfinderplus	unknown	gene_presence_detected	FOSFOMYCIN	99.28			FOSFOMYCIN		4077300	4077713	138			contig_2										139				+	99.28
kpn	dfrA50	trimethoprim-resistant dihydrofolate reductase DfrA50	NCBI Reference Gene Database	unknown	WP_040203768.1	amrfinderplus	unknown	gene_presence_detected	TRIMETHOPRIM	100.0			TRIMETHOPRIM		7921	8394	158			contig_3										158				+	100.0
kpn	aac(3)-IId	aminoglycoside N-acetyltransferase AAC(3)-IId	NCBI Reference Gene Database	unknown	WP_000557454.1	amrfinderplus	unknown	gene_presence_detected	GENTAMICIN	100.0			AMINOGLYCOSIDE		3118	3975	286			contig_4										286				+	100.0
kpn	aph(3'')-Ib	aminoglycoside O-phosphotransferase APH(3'')-Ib	NCBI Reference Gene Database	unknown	WP_001082319.1	amrfinderplus	unknown	gene_presence_detected	STREPTOMYCIN	100.0			AMINOGLYCOSIDE		4484	5284	267			contig_4										267				+	100.0
kpn	aph(6)-Id	aminoglycoside O-phosphotransferase APH(6)-Id	NCBI Reference Gene Database	unknown	WP_000480968.1	amrfinderplus	unknown	gene_presence_detected	STREPTOMYCIN	100.0			AMINOGLYCOSIDE		5287	6120	278			contig_4										278				+	100.0
kpn	aadA1	ANT(3'')-Ia family aminoglycoside nucleotidyltransferase AadA1	NCBI Reference Gene Database	unknown	WP_071846338.1	amrfinderplus	unknown	gene_presence_detected	STREPTOMYCIN	61.22			AMINOGLYCOSIDE		2473	2955	161			contig_5										263				-	100.0
kpn	aac(6')-Ib	AAC(6')-Ib family aminoglycoside 6'-N-acetyltransferase	NCBI Reference Gene Database	unknown	WP_063840280.1	amrfinderplus	unknown	gene_presence_detected	AMIKACIN/KANAMYCIN/TOBRAMYCIN	100.0			AMINOGLYCOSIDE		3028	3579	184			contig_5										184				-	100.0
kpn	blaCTX-M-15	extended-spectrum class A beta-lactamase CTX-M-15	NCBI Reference Gene Database	unknown	WP_000239590.1	amrfinderplus	unknown	gene_presence_detected	CEPHALOSPORIN	100.0			BETA-LACTAM		6452	7324	291			contig_5										291				+	100.0
kpn	qnrS1	quinolone resistance pentapeptide repeat protein QnrS1	NCBI Reference Gene Database	unknown	WP_001516695.1	amrfinderplus	unknown	gene_presence_detected	QUINOLONE	100.0			QUINOLONE		11968	12621	218			contig_5										218				+	100.0
kpn	aph(3')-VI	APH(3')-VI family aminoglycoside O-phosphotransferase	NCBI Reference Gene Database	unknown	WP_014386410.1	amrfinderplus	unknown	gene_presence_detected	AMIKACIN/KANAMYCIN	100.0			AMINOGLYCOSIDE		16502	17278	259			contig_5										259				+	100.0
kpn	blaNDM-1	subclass B1 metallo-beta-lactamase NDM-1	NCBI Reference Gene Database	unknown	WP_004201164.1	amrfinderplus	unknown	gene_presence_detected	CARBAPENEM	100.0			BETA-LACTAM		19714	20523	270			contig_5										270				+	100.0
kpn	ble	bleomycin binding protein Ble-MBL	NCBI Reference Gene Database	unknown	WP_004201167.1	amrfinderplus	unknown	gene_presence_detected	BLEOMYCIN	100.0			BLEOMYCIN		20530	20892	121			contig_5										121				+	100.0
